"Title","City","State","Group","Ideology","Headquarters","Statewide","Year"
"11th Hour Remnant Messenger","Santa Fe","New Mexico","","Christian Identity ","","","2010"
"9/11 Christian Center at Ground Zero","New York","New York","","Anti-Muslim","","","2010"
"a2z Publications","Las Vegas","Nevada","","General Hate ","","","2010"
"Abiding Truth Ministries","Springfield","Massachusetts","","Anti-LGBTQ","","","2010"
"Abundant Life Fellowship","Morgantown","Indiana","","Christian Identity ","","","2010"
"AC Skins","Absecon","New Jersey","","Racist Skinhead ","","","2010"
"AC Skins","Atlantic City","New Jersey","","Racist Skinhead ","","","2010"
"AC Skins","Browns Mills","New Jersey","","Racist Skinhead ","","","2010"
"AC Skins","Galloway","New Jersey","","Racist Skinhead ","","","2010"
"AC Skins","Linwood","New Jersey","","Racist Skinhead ","","","2010"
"AC Skins","Little Egg Harbor City","New Jersey","","Racist Skinhead ","","","2010"
"AC Skins","Manchester Township","New Jersey","","Racist Skinhead ","","","2010"
"AC Skins","Marlton","New Jersey","","Racist Skinhead ","","","2010"
"AC Skins","Somers Point","New Jersey","","Racist Skinhead ","","","2010"
"AC Skins","Wildwood","New Jersey","","Racist Skinhead ","","","2010"
"AC Skins","Woodbine","New Jersey","","Racist Skinhead ","","","2010"
"Alliance for Catholic Tradition","Pleasant Unity","Pennsylvania","","Radical Traditional Catholicism ","","","2010"
"America Forever","Sandy","Utah","","Anti-LGBTQ","","","2010"
"America's Promise Ministries","Sandpoint","Idaho","America's Promise Ministries","Christian Identity ","","","2010"
"American Border Patrol","Sierra Vista","Arizona","American Border Patrol/American Patrol","Anti-Immigrant","","","2010"
"American Family Association","Tupelo","Mississippi","American Family Association","Anti-LGBTQ","","","2010"
"American Free Press","Washington","District of Columbia","","General Hate ","","","2010"
"American Front","Hackensack","New Jersey","","Racist Skinhead ","","","2010"
"American Front","Haledon","New Jersey","","Racist Skinhead ","","","2010"
"American Front","Roselle","New Jersey","","Racist Skinhead ","","","2010"
"American Front","St. Cloud","Florida","","Racist Skinhead ","","","2010"
"American Front","Sacramento","California","","Racist Skinhead ","","","2010"
"American Immigration Control Foundation/Americans for Immigration Control","Monterey","Virginia","","Anti-Immigrant","","","2010"
"American National Socialist Party","Bonita Springs","Florida","","Neo-Nazi","","","2010"
"American National Socialist Party","Corning","California","","Neo-Nazi","","","2010"
"American National Socialist Party","Milton","Washington","","Neo-Nazi","","","2010"
"American National Socialist Party","","Mississippi","","Neo-Nazi","","Yes","2010"
"American National Socialist Party","","Nevada","","Neo-Nazi","","Yes","2010"
"American National Socialist Party","","Michigan","","Neo-Nazi","","Yes","2010"
"American National Socialist Party","","Iowa","","Neo-Nazi","","Yes","2010"
"American National Socialist Party","","North Dakota","","Neo-Nazi","","Yes","2010"
"American National Socialist Party","","Colorado","","Neo-Nazi","","Yes","2010"
"American National Socialist Party","","Arizona","","Neo-Nazi","","Yes","2010"
"American National Socialist Party","","Montana","","Neo-Nazi","","Yes","2010"
"American National Socialist Party","","Oklahoma","","Neo-Nazi","","Yes","2010"
"American National Socialist Party","Chillicothe","Ohio","","Neo-Nazi","","","2010"
"American Nationalist Union","Las Vegas","Nevada","","White Nationalist ","","","2010"
"American Nazi Party","Westland","Michigan","","Neo-Nazi","","","2010"
"American Patrol/Voice of Citizens Together","Sherman Oaks","California","","Anti-Immigrant","","","2010"
"American Renaissance/New Century Foundation","Arlington","Virginia","","White Nationalist ","","","2010"
"American Renaissance/New Century Foundation","Southern California","California","","White Nationalist ","","","2010"
"American Renaissance/New Century Foundation","Chicago","Illinois","American Renaissance","White Nationalist ","","","2010"
"American Renaissance/New Century Foundation","Oakton","Virginia","American Renaissance","White Nationalist ","","","2010"
"American Third Position","Ashland","New Hampshire","","White Nationalist ","","","2010"
"American Third Position","San Diego","California","","White Nationalist ","","","2010"
"American Third Position","Butler","New Jersey","","White Nationalist ","","","2010"
"American Third Position","","Arizona","","White Nationalist ","","Yes","2010"
"American Third Position","","New York","","White Nationalist ","","Yes","2010"
"American Third Position","","West Virginia","","White Nationalist ","","Yes","2010"
"American Third Position","","North Carolina","","White Nationalist ","","Yes","2010"
"American Third Position","","Pennsylvania","","White Nationalist ","","Yes","2010"
"American Third Position","","Nevada","","White Nationalist ","","Yes","2010"
"American Third Position","Westminster","California","","White Nationalist ","","","2010"
"American Vision","Powder Springs","Georgia","","Anti-LGBTQ","","","2010"
"Americans for Truth About Homosexuality","Naperville","Illinois","","Anti-LGBTQ","","","2010"
"Artisan Publishers","Muskogee","Oklahoma","","General Hate ","","","2010"
"Aryan Nations","","Arkansas","","Neo-Nazi","","Yes","2010"
"Aryan Nations","Wanaque","New Jersey","","Neo-Nazi","","","2010"
"Aryan Nations","","Tennessee","","Neo-Nazi","","Yes","2010"
"Aryan Nations","","Oregon","","Neo-Nazi","","Yes","2010"
"Aryan Nations","","New York","","Neo-Nazi","","Yes","2010"
"Aryan Nations","","Colorado","","Neo-Nazi","","Yes","2010"
"Aryan Nations","","California","","Neo-Nazi","","Yes","2010"
"Aryan Nations","Lexington","South Carolina","","Neo-Nazi","","","2010"
"Aryan Nations","St. Cloud","Florida","","Neo-Nazi","","","2010"
"Aryan Nations 88","Antioch","Tennessee","","Neo-Nazi","","","2010"
"Aryan Nations 88","Ashland","Alabama","","Neo-Nazi","","","2010"
"Aryan Nations 88","Boise","Idaho","","Neo-Nazi","","","2010"
"Aryan Nations 88","Bonita Springs","Florida","","Neo-Nazi","","","2010"
"Aryan Nations 88","Charleston","South Carolina","","Neo-Nazi","","","2010"
"Aryan Nations 88","Florissant","Missouri","","Neo-Nazi","","","2010"
"Aryan Nations 88","Isle","Minnesota","","Neo-Nazi","","","2010"
"Aryan Nations 88","North Bergen","New Jersey","","Neo-Nazi","","","2010"
"Aryan Nations 88","Poway","California","","Neo-Nazi","","","2010"
"Aryan Nations 88","Sharpsburg","Maryland","","Neo-Nazi","","","2010"
"Aryan Nations 88","Spencer","North Carolina","","Neo-Nazi","","","2010"
"Aryan Nations 88","Statesboro","Georgia","","Neo-Nazi","","","2010"
"Aryan Nations 88","Tacoma","Washington","","Neo-Nazi","","","2010"
"Aryan Nations 88","Wills Point","Texas","","Neo-Nazi","","","2010"
"Aryan Nations 88","Wilmington","Delaware","","Neo-Nazi","","","2010"
"Aryan Nations 88","","Kansas","","Neo-Nazi","","Yes","2010"
"Aryan Nations 88","","Mississippi","","Neo-Nazi","","Yes","2010"
"Aryan Nations 88","","Montana","","Neo-Nazi","","Yes","2010"
"Aryan Nations 88","","Arkansas","","Neo-Nazi","","Yes","2010"
"Aryan Nations 88","","Oklahoma","","Neo-Nazi","","Yes","2010"
"Aryan Nations 88","","Arizona","","Neo-Nazi","","Yes","2010"
"Aryan Nations 88","","Colorado","","Neo-Nazi","","Yes","2010"
"Aryan Nations 88","","North Dakota","","Neo-Nazi","","Yes","2010"
"Aryan Nations 88","","Michigan","","Neo-Nazi","","Yes","2010"
"Aryan Nations 88","","Nevada","","Neo-Nazi","","Yes","2010"
"Aryan Nations 88","","Illinois","","Neo-Nazi","","Yes","2010"
"Aryan Nations 88","","Iowa","","Neo-Nazi","","Yes","2010"
"Aryan Nations 88","","Virginia","","Neo-Nazi","","Yes","2010"
"Aryan Nations 88","Calhoun","Louisiana","","Neo-Nazi","","","2010"
"Aryan Nations 88","Chillicothe","Ohio","","Neo-Nazi","","","2010"
"Aryan Nations Knights of the KKK","Sharpsburg","Maryland","","Ku Klux Klan ","","","2010"
"Aryan Nations Knights of the KKK","Ashland","Alabama","","Ku Klux Klan ","","","2010"
"Aryan Nations","Coeur d'Alene","Idaho","","Neo-Nazi","","","2010"
"Aryan Terror Brigade","Fords","New Jersey","","Racist Skinhead ","","","2010"
"Aryan Terror Brigade","","New York","","Racist Skinhead ","","Yes","2010"
"Aryan Terror Brigade","","Pennsylvania","","Racist Skinhead ","","Yes","2010"
"Aryan Terror Brigade","","North Carolina","","Racist Skinhead ","","Yes","2010"
"Aryan Terror Brigade","","Texas","","Racist Skinhead ","","Yes","2010"
"Aryan Terror Brigade","","Idaho","","Racist Skinhead ","","Yes","2010"
"Aryan Terror Brigade","","Indiana","","Racist Skinhead ","","Yes","2010"
"Aryan Terror Brigade","","Florida","","Racist Skinhead ","","Yes","2010"
"Aryan Terror Brigade","","Missouri","","Racist Skinhead ","","Yes","2010"
"Aryan Terror Brigade","","Colorado","","Racist Skinhead ","","Yes","2010"
"Aryan Terror Brigade","","Arkansas","","Racist Skinhead ","","Yes","2010"
"Aryan Terror Brigade","","Illinois","","Racist Skinhead ","","Yes","2010"
"Aryan Terror Brigade","","California","","Racist Skinhead ","","Yes","2010"
"Aryan Terror Brigade","","Massachusetts","","Racist Skinhead ","","Yes","2010"
"Aryan Terror Brigade","","Kentucky","","Racist Skinhead ","","Yes","2010"
"Aryan Terror Brigade","Flemington","New Jersey","","Racist Skinhead ","","","2010"
"Aryan Wear","Keller","Texas","","White Nationalist ","","","2010"
"Association of Georgia Klans Knights of the KKK","Conyers","Georgia","","Ku Klux Klan ","","","2010"
"Association of Independent Klansmen Knights of The KKK","","Maryland","","Ku Klux Klan ","","Yes","2010"
"Barnes Review/Foundation for Economic Liberty, Inc.","Washington","District of Columbia","Barnes Review/Foundation for Economic Liberty, Inc.","Holocaust Denial","","","2010"
"Battalion 14","JACKSON","Michigan","","Neo-Nazi","","","2010"
"Bay Area National Anarchists","Dublin","California","","White Nationalist ","","","2010"
"Bayou Knights of the KKK","Homer","Louisiana","","Ku Klux Klan ","","","2010"
"Bayou Knights of the KKK","Smackover","Arkansas","","Ku Klux Klan ","","","2010"
"Bergen County Hooligans","Garfield","New Jersey","","Racist Skinhead ","","","2010"
"Bergen County Hooligans","Wallington","New Jersey","","Racist Skinhead ","","","2010"
"Bethesda Christian Institute","San Antonio","Texas","","Anti-LGBTQ","","","2010"
"Biblical Family Advocates","San Diego","California","","Anti-LGBTQ","","","2010"
"Bill Keller Ministries","St. Petersburg","Florida","","General Hate ","","","2010"
"Blood and Honour America Division","Lake St. Louis","Missouri","Blood & Honour","Racist Skinhead ","","","2010"
"Blood and Honour America Division","Lakeland","Florida","Blood & Honour","Racist Skinhead ","","","2010"
"Blood and Honour America Division","","California","Blood & Honour","Racist Skinhead ","","Yes","2010"
"Blood and Honour America Division","","California","Blood & Honour","Racist Skinhead ","","Yes","2010"
"Blood and Honour America Division","","Michigan","Blood & Honour","Racist Skinhead ","","Yes","2010"
"Blood and Honour America Division","","Pennsylvania","Blood & Honour","Racist Skinhead ","","Yes","2010"
"Blood and Honour America Division","","Maine","Blood & Honour","Racist Skinhead ","","Yes","2010"
"Blood and Honour America Division","","Ohio","Blood & Honour","Racist Skinhead ","","Yes","2010"
"Blood and Honour America Division","","Arkansas","Blood & Honour","Racist Skinhead ","","Yes","2010"
"Blood and Honour America Division","","Mississippi","Blood & Honour","Racist Skinhead ","","Yes","2010"
"Blood and Honour America Division","","Virginia","Blood & Honour","Racist Skinhead ","","Yes","2010"
"Blood and Honour America Division","Portland","Oregon","Blood & Honour","Racist Skinhead ","","","2010"
"Blood and Honour U.S.A","Flemington","New Jersey","","Racist Skinhead ","","","2010"
"Blood and Honour U.S.A","Littleton","Colorado","","Racist Skinhead ","","","2010"
"Blood and Honour U.S.A","Salem","Ohio","","Racist Skinhead ","","","2010"
"Blood and Honour U.S.A","Richardson","Texas","","Racist Skinhead ","","","2010"
"Border Guardians","Livingston","Texas","","Anti-Immigrant","","","2010"
"Brian Pace Trading","Booneville","Mississippi","","Neo-Confederate","","","2010"
"British National Party Overseas Unit","Berryville","Virginia","","White Nationalist ","","","2010"
"Brotherhood of Klans Knights of the KKK","","Utah","","Ku Klux Klan ","","Yes","2010"
"Brotherhood of Klans Knights of the KKK","","California","","Ku Klux Klan ","","Yes","2010"
"Brotherhood of Klans Knights of the KKK","","Nevada","","Ku Klux Klan ","","Yes","2010"
"Brotherhood of Klans Knights of the KKK","","Kansas","","Ku Klux Klan ","","Yes","2010"
"Brotherhood of Klans Knights of the KKK","","Georgia","","Ku Klux Klan ","","Yes","2010"
"Brotherhood of Klans Knights of the KKK","","Indiana","","Ku Klux Klan ","","Yes","2010"
"Brotherhood of Klans Knights of the KKK","","Tennessee","","Ku Klux Klan ","","Yes","2010"
"Brotherhood of Klans Knights of the KKK","","Florida","","Ku Klux Klan ","","Yes","2010"
"Brotherhood of Klans Knights of the KKK","","Louisiana","","Ku Klux Klan ","","Yes","2010"
"Brotherhood of Klans Knights of the KKK","","Michigan","","Ku Klux Klan ","","Yes","2010"
"Brotherhood of Klans Knights of the KKK","","Illinois","","Ku Klux Klan ","","Yes","2010"
"Brotherhood of Klans Knights of the KKK","","Maryland","","Ku Klux Klan ","","Yes","2010"
"Brotherhood of Klans Knights of the KKK","","Missouri","","Ku Klux Klan ","","Yes","2010"
"Brotherhood of Klans Knights of the KKK","","Alabama","","Ku Klux Klan ","","Yes","2010"
"Brotherhood of Klans Knights of the KKK","","Arkansas","","Ku Klux Klan ","","Yes","2010"
"Brotherhood of Klans Knights of the KKK","","Nebraska","","Ku Klux Klan ","","Yes","2010"
"Brotherhood of Klans Knights of the KKK","","New Jersey","","Ku Klux Klan ","","Yes","2010"
"Brotherhood of Klans Knights of the KKK","","North Carolina","","Ku Klux Klan ","","Yes","2010"
"Brotherhood of Klans Knights of the KKK","","Vermont","","Ku Klux Klan ","","Yes","2010"
"Brotherhood of Klans Knights of the KKK","","Wyoming","","Ku Klux Klan ","","Yes","2010"
"Brotherhood of Klans Knights of the KKK","","District of Columbia","","Ku Klux Klan ","","Yes","2010"
"Brotherhood of Klans Knights of the KKK","","Colorado","","Ku Klux Klan ","","Yes","2010"
"Brotherhood of Klans Knights of the KKK","","Wisconsin","","Ku Klux Klan ","","Yes","2010"
"Brotherhood of Klans Knights of the KKK","","South Dakota","","Ku Klux Klan ","","Yes","2010"
"Brotherhood of Klans Knights of the KKK","","South Carolina","","Ku Klux Klan ","","Yes","2010"
"Brotherhood of Klans Knights of the KKK","","New York","","Ku Klux Klan ","","Yes","2010"
"Brotherhood of Klans Knights of the KKK","","Texas","","Ku Klux Klan ","","Yes","2010"
"Brotherhood of Klans Knights of the KKK","","Arizona","","Ku Klux Klan ","","Yes","2010"
"Brotherhood of Klans Knights of the KKK","","Pennsylvania","","Ku Klux Klan ","","Yes","2010"
"Brotherhood of Klans Knights of the KKK","","Virginia","","Ku Klux Klan ","","Yes","2010"
"Brotherhood of Klans Knights of the KKK","","North Dakota","","Ku Klux Klan ","","Yes","2010"
"Brotherhood of Klans Knights of the KKK","","West Virginia","","Ku Klux Klan ","","Yes","2010"
"Brotherhood of Klans Knights of the KKK","","Rhode Island","","Ku Klux Klan ","","Yes","2010"
"Brotherhood of Klans Knights of the KKK","","Kentucky","","Ku Klux Klan ","","Yes","2010"
"Brotherhood of Klans Knights of the KKK","","Oklahoma","","Ku Klux Klan ","","Yes","2010"
"Brotherhood of Klans Knights of the KKK","","Montana","","Ku Klux Klan ","","Yes","2010"
"Brotherhood of Klans Knights of the KKK","","Idaho","","Ku Klux Klan ","","Yes","2010"
"Brotherhood of Klans Knights of the KKK","Marion","Ohio","","Ku Klux Klan ","","","2010"
"By Yahweh's Design","Stevensville","Michigan","","Christian Identity ","","","2010"
"National Coalition for Immigration Reform (formerly California Coalition for Immigration Reform)","Huntington Beach","California","","Anti-Immigrant","","","2010"
"California Skinheads","Fresno","California","","Racist Skinhead ","","","2010"
"Campaign for Radical Truth in History","Coeur D`Alene","Idaho","","Holocaust Denial","","","2010"
"Casa D'Ice Signs","North Versailles","Pennsylvania","","Anti-Muslim","","","2010"
"Castle Hill Publishers","New York","New York","","Holocaust Denial","","","2010"
"Catholic Apologetics International Publishing, Inc.","State Line","Pennsylvania","","Radical Traditional Catholicism ","","","2010"
"Catholic Counterpoint","Broomall","Pennsylvania","","Radical Traditional Catholicism ","","","2010"
"Catholic Family News/Catholic Family Ministries, Inc.","Niagara Falls","New York","","Radical Traditional Catholicism ","","","2010"
"Center for Perpetual Diversity","Gaithersburg","Maryland","","White Nationalist ","","","2010"
"Chalcedon Foundation","Vallecito","California","","Anti-LGBTQ","","","2010"
"Charles Darwin Research Institute","Port Huron","Michigan","","White Nationalist ","","","2010"
"Chick Publications","Ontario","California","","General Hate ","","","2010"
"Christ's Gospel Fellowship","Spokane","Washington","","Christian Identity ","","","2010"
"Christian Books and Things","Harrison","Arkansas","","General Hate ","","","2010"
"Christian Defense League","Mandeville","Louisiana","","Neo-Nazi","","","2010"
"Christian Identity Church - Aryan Nations","Simmms","Texas","","Christian Identity ","","","2010"
"Christian Phalange","Newton","North Carolina","","Anti-Muslim","","","2010"
"Church of Jesus Christ Christian/Aryan Nations","Bergman","Arkansas","","Christian Identity ","","","2010"
"Church of the Sons of YHVH","Calhoun","Louisiana","","Christian Identity ","","","2010"
"Church of True Israel","Hayden","Idaho","","Christian Identity ","","","2010"
"Concerned Citizens and Friends of Illegal Immigration Law Enforcement","Framingham","Massachusetts","","General Hate ","","","2010"
"Confederate Hammerskins","Dallas","Texas","","Racist Skinhead ","","","2010"
"Confederate Hammerskins","Huntsville","Alabama","","Racist Skinhead ","","","2010"
"Confederate Hammerskins","Jacksonville","Florida","","Racist Skinhead ","","","2010"
"Confederate Hammerskins","Petersburg","Virginia","","Racist Skinhead ","","","2010"
"Confederate Hammerskins","","North Carolina","","Racist Skinhead ","","Yes","2010"
"Confederate Hammerskins","Orlando","Florida","","Racist Skinhead ","","","2010"
"Connecticut White Wolves","Stratford","Connecticut","","Racist Skinhead ","","","2010"
"Conservative Citizens Foundation, Inc.","St. Louis","Missouri","","White Nationalist ","","","2010"
"COORS Family Skinheads","Big Bear Lake","California","","Racist Skinhead ","","","2010"
"Council for Social and Economic Studies","Washington, D. C.","District of Columbia","","White Nationalist ","","","2010"
"Council of Conservative Citizens","Anniston","Alabama","Council of Conservative Citizens","White Nationalist ","","","2010"
"Council of Conservative Citizens","Bartlett","Tennessee","Council of Conservative Citizens","White Nationalist ","","","2010"
"Council of Conservative Citizens","Birmingham","Alabama","Council of Conservative Citizens","White Nationalist ","","","2010"
"Council of Conservative Citizens","Byram","Mississippi","Council of Conservative Citizens","White Nationalist ","","","2010"
"Council of Conservative Citizens","Caledonia","Michigan","Council of Conservative Citizens","White Nationalist ","","","2010"
"Council of Conservative Citizens","Calhoun City","Mississippi","Council of Conservative Citizens","White Nationalist ","","","2010"
"Council of Conservative Citizens","Carmel","Indiana","Council of Conservative Citizens","White Nationalist ","","","2010"
"Council of Conservative Citizens","Charleston","South Carolina","Council of Conservative Citizens","White Nationalist ","","","2010"
"Council of Conservative Citizens","Chicago","Illinois","Council of Conservative Citizens","White Nationalist ","","","2010"
"Council of Conservative Citizens","Clemmons","North Carolina","Council of Conservative Citizens","White Nationalist ","","","2010"
"Council of Conservative Citizens","Cleveland","Ohio","Council of Conservative Citizens","White Nationalist ","","","2010"
"Council of Conservative Citizens","Cullman","Alabama","Council of Conservative Citizens","White Nationalist ","","","2010"
"Council of Conservative Citizens","Erwin","Tennessee","Council of Conservative Citizens","White Nationalist ","","","2010"
"Council of Conservative Citizens","Forest City","North Carolina","Council of Conservative Citizens","White Nationalist ","","","2010"
"Council of Conservative Citizens","Fort Lee","New Jersey","Council of Conservative Citizens","White Nationalist ","","","2010"
"Council of Conservative Citizens","Franklin","Tennessee","Council of Conservative Citizens","White Nationalist ","","","2010"
"Council of Conservative Citizens","Greenville","South Carolina","Council of Conservative Citizens","White Nationalist ","","","2010"
"Council of Conservative Citizens","Greenwood","Mississippi","Council of Conservative Citizens","White Nationalist ","","","2010"
"Council of Conservative Citizens","Holly Springs","Mississippi","Council of Conservative Citizens","White Nationalist ","","","2010"
"Council of Conservative Citizens","Huntsville","Alabama","Council of Conservative Citizens","White Nationalist ","","","2010"
"Council of Conservative Citizens","Indianapolis","Indiana","Council of Conservative Citizens","White Nationalist ","","","2010"
"Council of Conservative Citizens","Jackson","Mississippi","Council of Conservative Citizens","White Nationalist ","","","2010"
"Council of Conservative Citizens","Jacksonville","Florida","Council of Conservative Citizens","White Nationalist ","","","2010"
"Council of Conservative Citizens","Jasper","Alabama","Council of Conservative Citizens","White Nationalist ","","","2010"
"Council of Conservative Citizens","Knoxville/Chattanooga","Tennessee","Council of Conservative Citizens","White Nationalist ","","","2010"
"Council of Conservative Citizens","Las Vegas","Nevada","Council of Conservative Citizens","White Nationalist ","","","2010"
"Council of Conservative Citizens","Little Rock","Arkansas","Council of Conservative Citizens","White Nationalist ","","","2010"
"Council of Conservative Citizens","Mathiston","Mississippi","Council of Conservative Citizens","White Nationalist ","","","2010"
"Council of Conservative Citizens","Montgomery","Alabama","Council of Conservative Citizens","White Nationalist ","","","2010"
"Council of Conservative Citizens","New York","New York","Council of Conservative Citizens","White Nationalist ","","","2010"
"Council of Conservative Citizens","Oklahoma City","Oklahoma","Council of Conservative Citizens","White Nationalist ","","","2010"
"Council of Conservative Citizens","Parishville","New York","Council of Conservative Citizens","White Nationalist ","","","2010"
"Council of Conservative Citizens","Piney Woods","Mississippi","Council of Conservative Citizens","White Nationalist ","","","2010"
"Council of Conservative Citizens","Revere","Pennsylvania","Council of Conservative Citizens","White Nationalist ","","","2010"
"Council of Conservative Citizens","Saluda","South Carolina","Council of Conservative Citizens","White Nationalist ","","","2010"
"Council of Conservative Citizens","San Francisco","California","Council of Conservative Citizens","White Nationalist ","","","2010"
"Council of Conservative Citizens","Shreveport","Louisiana","Council of Conservative Citizens","White Nationalist ","","","2010"
"Council of Conservative Citizens","Silver Spring","Maryland","Council of Conservative Citizens","White Nationalist ","","","2010"
"Council of Conservative Citizens","St. Amant","Louisiana","Council of Conservative Citizens","White Nationalist ","","","2010"
"Council of Conservative Citizens","St. Louis","Missouri","Council of Conservative Citizens","White Nationalist ","","","2010"
"Council of Conservative Citizens","Summerville","South Carolina","Council of Conservative Citizens","White Nationalist ","","","2010"
"Council of Conservative Citizens","Tampa Bay","Florida","Council of Conservative Citizens","White Nationalist ","","","2010"
"Council of Conservative Citizens","Tupelo","Mississippi","Council of Conservative Citizens","White Nationalist ","","","2010"
"Council of Conservative Citizens","Vaiden","Mississippi","Council of Conservative Citizens","White Nationalist ","","","2010"
"Council of Conservative Citizens","West Columbia","South Carolina","Council of Conservative Citizens","White Nationalist ","","","2010"
"Council of Conservative Citizens","Yadkinville","North Carolina","Council of Conservative Citizens","White Nationalist ","","","2010"
"Council of Conservative Citizens","","California","Council of Conservative Citizens","White Nationalist ","","Yes","2010"
"Council of Conservative Citizens","","Georgia","Council of Conservative Citizens","White Nationalist ","","Yes","2010"
"Council of Conservative Citizens","","Minnesota","Council of Conservative Citizens","White Nationalist ","","Yes","2010"
"Council of Conservative Citizens","","Tennessee","Council of Conservative Citizens","White Nationalist ","","Yes","2010"
"Council of Conservative Citizens","","Florida","Council of Conservative Citizens","White Nationalist ","","Yes","2010"
"Council of Conservative Citizens","","Virginia","Council of Conservative Citizens","White Nationalist ","","Yes","2010"
"Council of Conservative Citizens","Florence","Alabama","","White Nationalist ","","","2010"
"Council of Conservative Citizens","St. Louis","Missouri","Council of Conservative Citizens","White Nationalist ","","","2010"
"Covenant People's Ministry","Brooks","Georgia","","Christian Identity ","","","2010"
"Creativity Movement","Helena","Montana","Creativity Movement","Neo-Nazi","","","2010"
"Creativity Movement","Laurel","Montana","Creativity Movement","Neo-Nazi","","","2010"
"Creativity Movement","Lockwood","Montana","Creativity Movement","Neo-Nazi","","","2010"
"Creativity Movement","Miles City","Montana","Creativity Movement","Neo-Nazi","","","2010"
"Creativity Movement","Missoula","Montana","Creativity Movement","Neo-Nazi","","","2010"
"Creativity Movement","Mountain","Wisconsin","Creativity Movement","Neo-Nazi","","","2010"
"Creativity Movement","","Connecticut","Creativity Movement","Neo-Nazi","","Yes","2010"
"Creativity Movement","","Colorado","Creativity Movement","Neo-Nazi","","Yes","2010"
"Creativity Movement","","Texas","Creativity Movement","Neo-Nazi","","Yes","2010"
"Creativity Movement","","Maryland","Creativity Movement","Neo-Nazi","","Yes","2010"
"Creativity Movement","","Wyoming","Creativity Movement","Neo-Nazi","","Yes","2010"
"Crew 38","Allentown","Pennsylvania","","Racist Skinhead ","","","2010"
"Crew 38","Detroit","Michigan","","Racist Skinhead ","","","2010"
"Crew 38","Huntsville","Alabama","","Racist Skinhead ","","","2010"
"Crew 38","Nampa","Idaho","","Racist Skinhead ","","","2010"
"Crew 38","New Port Richey","Florida","","Racist Skinhead ","","","2010"
"Crew 38","Seattle","Washington","","Racist Skinhead ","","","2010"
"Crew 38","","North Carolina","","Racist Skinhead ","","Yes","2010"
"Crew 38","","Tennessee","","Racist Skinhead ","","Yes","2010"
"Crew 38","","Mississippi","","Racist Skinhead ","","Yes","2010"
"Crew 38","","Virginia","","Racist Skinhead ","","Yes","2010"
"Crew 38","","Oregon","","Racist Skinhead ","","Yes","2010"
"Cross Bearer Ministry","Indianapolis","Indiana","","General Hate ","","","2010"
"Cultural Studies Press","New York","New York","","General Hate ","","","2010"
"Culture Wars/Fidelity Press","South Bend","Indiana","","Radical Traditional Catholicism ","","","2010"
"Desastrious Records","Springtown","Texas","","Hate Music ","","","2010"
"Diehard Records","Chesapeake","Ohio","","Hate Music ","","","2010"
"Dixie Rangers Knights of the KKK","Walker","Louisiana","","Ku Klux Klan ","","","2010"
"Dixie Republic","Travelers Rest","South Carolina","","Neo-Confederate","","","2010"
"DJ GOR","Bedford","Pennsylvania","","Hate Music ","","","2010"
"Do Right Foundation","Las Vegas","Nevada","","White Nationalist ","","","2010"
"Dove World Outreach Center","Gainesville","Florida","","General Hate ","","","2010"
"East Coast White Unity","Chelsea","Massachusetts","","White Nationalist ","","","2010"
"Ecclesiastical Council for the Restoration of Covenant Israel (ECRCI)","Chicago","Illinois","","Christian Identity ","","","2010"
"Emigration Party of Nevada","Henderson","Nevada","","Anti-Immigrant","","","2010"
"Empire Knights of the KKK","Homosassa Springs","Florida","","Ku Klux Klan ","","","2010"
"Euro Pride Apparel","Summerville","South Carolina","","White Nationalist ","","","2010"
"European American Issues Forum","San Bruno","California","","White Nationalist ","","","2010"
"European Americans United","Sacramento","California","","White Nationalist ","","","2010"
"European-American Unity and Rights Organization","Cleveland","Ohio","","White Nationalist ","","","2010"
"European-American Unity and Rights Organization","Columbia","South Carolina","","White Nationalist ","","","2010"
"European-American unity and Rights Organization","Columbus","Georgia","","White Nationalist ","","","2010"
"European-American Unity and Rights Organization","Dallas/Fort Worth","Texas","","White Nationalist ","","","2010"
"European-American Unity and Rights Organization","Irving","Texas","","White Nationalist ","","","2010"
"European-American Unity and Rights Organization","Jacksonville","Florida","","White Nationalist ","","","2010"
"European-American Unity and Rights Organization","Memphis","Tennessee","","White Nationalist ","","","2010"
"European-American Unity and Rights Organization","Richmond","Virginia","","White Nationalist ","","","2010"
"European-American Unity and Rights Organization","Ripley","Mississippi","","White Nationalist ","","","2010"
"European-American Unity and Rights Organization","Savannah","Georgia","","White Nationalist ","","","2010"
"European-American Unity and Rights Organization","Thibodaux","Louisiana","","White Nationalist ","","","2010"
"European-American Unity and Rights Organization","Tulsa","Oklahoma","","White Nationalist ","","","2010"
"European-American Unity and Rights Organization","Woodruff","South Carolina","","White Nationalist ","","","2010"
"European-American Unity and Rights Organization","Mandeville","Louisiana","","White Nationalist ","","","2010"
"Faithful Word Baptist Church","Tempe","Arizona","","Anti-LGBTQ","","","2010"
"Family Research Council","Washington","District of Columbia","Family Research Council","Anti-LGBTQ","","","2010"
"Family Research Institute","Colorado Springs","Colorado","","Anti-LGBTQ","","","2010"
"The Fatima Crusader","Constable","New York","","Radical Traditional Catholicism ","","","2010"
"Federation for American Immigration Reform","Washington, D.C.","District of Columbia","Federation for American Immigration Reform","Anti-Immigrant","","","2010"
"Fellowship of God's Covenant People","Burlington","Kentucky","","Christian Identity ","","","2010"
"Fetch the Rope","Bozeman","Montana","","Hate Music ","","","2010"
"Final Stand Records","Newark","Delaware","","Hate Music ","","","2010"
"Firm 22","Crum Lynne","Pennsylvania","","Racist Skinhead ","","","2010"
"Firm 22","","Georgia","","Racist Skinhead ","","Yes","2010"
"Firm 22","","Michigan","","Racist Skinhead ","","Yes","2010"
"Firm 22","Newark","Ohio","","Racist Skinhead ","","","2010"
"Firm 22","","Indiana","","Racist Skinhead ","","Yes","2010"
"First Century Christian Ministries","The Woodlands","Texas","","Christian Identity ","","","2010"
"Folk and Faith","Idaho Falls","Idaho","","White Nationalist ","","","2010"
"Folkish Women's Front","","Mississippi","","Racist Skinhead ","","Yes","2010"
"Fraternal White Knights of the KKK","Charles City","Iowa","","Ku Klux Klan ","","","2010"
"Free American","Tucson","Arizona","","White Nationalist ","","","2010"
"Free Edgar Steele","Sagle","Idaho","","White Nationalist ","","","2010"
"Freedom 14","","California","","White Nationalist ","","Yes","2010"
"Freedom Defense Initiative (FDI)","New York","New York","","Anti-Muslim","","","2010"
"Fundamentalist Latter Day Saints","Colorado City","Arizona","Fundamentalist Church of Jesus Christ of Latter-Day Saints","General Hate ","","","2010"
"Fundamentalist Latter Day Saints","Cotopaxi","Colorado","Fundamentalist Church of Jesus Christ of Latter-Day Saints","General Hate ","","","2010"
"Fundamentalist Latter Day Saints","Eldorado","Texas","Fundamentalist Church of Jesus Christ of Latter-Day Saints","General Hate ","","","2010"
"Fundamentalist Latter Day Saints","Florence","Colorado","Fundamentalist Church of Jesus Christ of Latter-Day Saints","General Hate ","","","2010"
"Fundamentalist Latter Day Saints","Mancos","Colorado","Fundamentalist Church of Jesus Christ of Latter-Day Saints","General Hate ","","","2010"
"Fundamentalist Latter Day Saints","Pringle","South Dakota","Fundamentalist Church of Jesus Christ of Latter-Day Saints","General Hate ","","","2010"
"Fundamentalist Latter Day Saints","","Colorado","Fundamentalist Church of Jesus Christ of Latter-Day Saints","General Hate ","","Yes","2010"
"Fundamentalist Latter Day Saints","Hildale","Utah","Fundamentalist Church of Jesus Christ of Latter-Day Saints","General Hate ","","","2010"
"Gallows Tree Wotansvolk Alliance","Grand Rapids","Michigan","","Neo-Völkisch","","","2010"
"Get Some 88","Castaic","California","","Hate Music ","","","2010"
"Golden State Skinheads","","California","","Racist Skinhead ","","Yes","2010"
"Heterosexuals Organized for a Moral Environment (H.O.M.E.)","Downers Grove","Illinois","","Anti-LGBTQ","","","2010"
"Heritage and Destiny","Falls Church","Virginia","","White Nationalist ","","","2010"
"Heritage Connection","Harrison","Arkansas","","Hate Music ","","","2010"
"Holy Nation of Odin","Kingsburg","California","","General Hate ","","","2010"
"IHM Media","Richmond","New Hampshire","","Radical Traditional Catholicism ","","","2010"
"IHS Press","Odessa","Texas","","Radical Traditional Catholicism ","","","2010"
"Illinois Family Institute","Carol Stream","Illinois","","Anti-LGBTQ","","","2010"
"Illinois National Socialist Front","Palatine","Illinois","","Neo-Nazi","","","2010"
"Illinois National Socialist Front","Peoria","Illinois","","Neo-Nazi","","","2010"
"Illinois United","Palatine","Illinois","","General Hate ","","","2010"
"Imperial Klans of America Knights of the KKK","Dawson Springs","Kentucky","","Ku Klux Klan ","","","2010"
"Imperial Klans of America Knights of the KKK","Johnstown","Pennsylvania","","Ku Klux Klan ","","","2010"
"In the Spirit of Chartres Committee","Suffolk","Virginia","","Radical Traditional Catholicism ","","","2010"
"Inconvenient History","San Ysidro","California","","Holocaust Denial","","","2010"
"Independent Skins Southwest","Callahan","Florida","","Racist Skinhead ","","","2010"
"Independent Skins Southwest","Cleburne","Texas","","Racist Skinhead ","","","2010"
"Institute for Historical Review Store","Newport Beach","California","","Holocaust Denial","","","2010"
"Institute for Historical Review","Fountain Valley","California","Institute for Historical Review","Holocaust Denial","","","2010"
"The International Conspiratological Association","Coeur d'Alene","Idaho","","Holocaust Denial","","","2010"
"International Keystone Knights of the KKK","Cleveland","Ohio","","Ku Klux Klan ","","","2010"
"International Keystone Knights of the KKK","Elwood","Indiana","","Ku Klux Klan ","","","2010"
"International Keystone Knights of the KKK","Headland","Alabama","","Ku Klux Klan ","","","2010"
"International Keystone Knights of the KKK","Sheridan","Arkansas","","Ku Klux Klan ","","","2010"
"International Keystone Knights of the KKK","Young Harris","Georgia","","Ku Klux Klan ","","","2010"
"International Keystone Knights of the KKK","Colt","Arkansas","","Ku Klux Klan ","","","2010"
"Invictus Books","Wentzville","Missouri","","General Hate ","","","2010"
"Iron Rain Nationalists","Chicago","Illinois","","White Nationalist ","","","2010"
"Iron Rain Nationalists","Utica","New York","","White Nationalist ","","","2010"
"ISD Records","Lancaster","Ohio","","Hate Music ","","","2010"
"Israelite Church of God in Jesus Christ","Beaverton","Oregon","","","","","2010"
"Israelite Church of God in Jesus Christ","Coatesville","Pennsylvania","","","","","2010"
"Israelite Church of God in Jesus Christ","Goldsboro","North Carolina","","","","","2010"
"Israelite Church of God in Jesus Christ","Jersey City","New Jersey","","","","","2010"
"Israelite Church of God in Jesus Christ","Lawton","Oklahoma","","","","","2010"
"Israelite Church of God in Jesus Christ","Norristown","Pennsylvania","","","","","2010"
"Israelite Church of God in Jesus Christ","Philadelphia","Pennsylvania","","","","","2010"
"Israelite Church of God in Jesus Christ","Tulsa","Oklahoma","","","","","2010"
"Israelite Church of God in Jesus Christ","Vineland","New Jersey","","","","","2010"
"The Israelite Church of God in Jesus Christ","Allentown","Pennsylvania","","","","","2010"
"The Israelite Church of God in Jesus Christ","Ashbury Park","New Jersey","","","","","2010"
"The Israelite Church of God in Jesus Christ","Baltimore","Maryland","","","","","2010"
"The Israelite Church of God in Jesus Christ","Camden","New Jersey","","","","","2010"
"The Israelite Church of God in Jesus Christ","Fayetteville","North Carolina","","","","","2010"
"The Israelite Church of God in Jesus Christ","Fort Myers","Florida","","","","","2010"
"The Israelite Church of God in Jesus Christ","Kansas City","Missouri","","","","","2010"
"The Israelite Church of God in Jesus Christ","North Miami","Florida","","","","","2010"
"The Israelite Church of God in Jesus Christ","North Minneapolis","Minnesota","","","","","2010"
"The Israelite Church of God in Jesus Christ","Oklahoma City","Oklahoma","","","","","2010"
"The Israelite Church of God in Jesus Christ","Omaha","Nebraska","","","","","2010"
"The Israelite Church of God in Jesus Christ","Orlando","Florida","","","","","2010"
"The Israelite Church of God in Jesus Christ","Philadelphia","Pennsylvania","","","","","2010"
"The Israelite Church of God in Jesus Christ","Pittsburgh","Pennsylvania","","","","","2010"
"The Israelite Church of God in Jesus Christ","Portland","Oregon","","","","","2010"
"The Israelite Church of God in Jesus Christ","Washington","District of Columbia","","","","","2010"
"The Israelite Church of God in Jesus Christ","West Palm Beach","Florida","","","","","2010"
"The Israelite Church of God in Jesus Christ","Wilmington","North Carolina","","","","","2010"
"The Israelite Church of God in Jesus Christ","New York","New York","","","","","2010"
"Jewish Defense League","Fort Lauderdale","Florida","","General Hate ","","","2010"
"Jewish Defense League","San Diego","California","","General Hate ","","","2010"
"Jewish Defense League","Skokie","Illinois","","General Hate ","","","2010"
"Jewish Defense League","","Texas","","General Hate ","","Yes","2010"
"Jewish Defense League","","Michigan","","General Hate ","","Yes","2010"
"Jewish Defense League","","Louisiana","","General Hate ","","Yes","2010"
"Jewish Defense League","","South Carolina","","General Hate ","","Yes","2010"
"Jewish Defense League","Los Angeles","California","","General Hate ","","","2010"
"Jewish Defense League","","Arizona","","General Hate ","","Yes","2010"
"Jewish Task Force","Fresh Meadows","New York","","General Hate ","","","2010"
"Keystone United","Altoona","Pennsylvania","Keystone United","Racist Skinhead ","","","2010"
"Keystone United","Philadelphia","Pennsylvania","Keystone United","Racist Skinhead ","","","2010"
"Keystone United","Wilkes Barre/Scranton","Pennsylvania","Keystone United","Racist Skinhead ","","","2010"
"Keystone United","Harrisburg","Pennsylvania","Keystone United","Racist Skinhead ","","","2010"
"Kingdom Identity Ministries","Harrison","Arkansas","Kingdom Identity Ministries ","Christian Identity ","","","2010"
"Kingdom Treasure Ministries","Owasso","Oklahoma","","Neo-Confederate","","","2010"
"The Kinist Institute","Orlando","Florida","","White Nationalist ","","","2010"
"Kinsman Redeemer Ministries","Alexandria","Kentucky","","Christian Identity ","","","2010"
"KKK LLC","Compton","Arkansas","","Hate Music ","","","2010"
"Knight Riders Knights of the KKK","Abingdon","Virginia","","Ku Klux Klan ","","","2010"
"Knight Riders Knights of the KKK","Bainbridge","Georgia","","Ku Klux Klan ","","","2010"
"Knight Riders Knights of the KKK","Brunswick","Georgia","","Ku Klux Klan ","","","2010"
"Knight Riders Knights of the KKK","Byron","Georgia","","Ku Klux Klan ","","","2010"
"Knight Riders Knights of the KKK","Harrisburg","Illinois","","Ku Klux Klan ","","","2010"
"Knight Riders Knights of the KKK","Live Oak","Florida","","Ku Klux Klan ","","","2010"
"Knight Riders Knights of the KKK","Pelham","North Carolina","","Ku Klux Klan ","","","2010"
"Knight Riders Knights of the KKK","","South Carolina","","Ku Klux Klan ","","Yes","2010"
"Knight Riders Knights of the KKK","","Alabama","","Ku Klux Klan ","","Yes","2010"
"Knight Riders Knights of the KKK","","Maryland","","Ku Klux Klan ","","Yes","2010"
"Knight Riders Knights of the KKK","","Ohio","","Ku Klux Klan ","","Yes","2010"
"Knight Riders Knights of the KKK","","Louisiana","","Ku Klux Klan ","","Yes","2010"
"Knight Riders Knights of the KKK","","Indiana","","Ku Klux Klan ","","Yes","2010"
"Knight Riders Knights of the KKK","","Georgia","","Ku Klux Klan ","","Yes","2010"
"Knight Riders Knights of the KKK","","Kentucky","","Ku Klux Klan ","","Yes","2010"
"Knight Riders Knights of the KKK","","Tennessee","","Ku Klux Klan ","","Yes","2010"
"Knight Riders Knights of the KKK","","Arkansas","","Ku Klux Klan ","","Yes","2010"
"Knight Riders Knights of the KKK","","Mississippi","","Ku Klux Klan ","","Yes","2010"
"Knight Riders Knights of the KKK","Ellijay","Georgia","","Ku Klux Klan ","","","2010"
"Knight Riders Knights of the KKK","Beckley","West Virginia","","Ku Klux Klan ","","","2010"
"Knights of the Ku Klux Klan","Newport","Tennessee","","Ku Klux Klan ","","","2010"
"Knights of the Ku Klux Klan","Harrison","Arkansas","","Ku Klux Klan ","","","2010"
"Knights of the Nordic Order","Cardiff","Alabama","","Neo-Nazi","","","2010"
"Knights of the Southern Cross Soldiers of the KKK","Powhatan","Virginia","","Ku Klux Klan ","","","2010"
"The League of American Patriots","Garfield","New Jersey","","White Nationalist ","","","2010"
"League of the South","Abbeville","South Carolina","League of the South","Neo-Confederate","","","2010"
"League of the South","Barnesville","Georgia","League of the South","Neo-Confederate","","","2010"
"League of the South","Big Fork","Montana","League of the South","Neo-Confederate","","","2010"
"League of the South","Columbia","South Carolina","League of the South","Neo-Confederate","","","2010"
"League of the South","Goldenrod","Florida","League of the South","Neo-Confederate","","","2010"
"League of the South","Hackneyville","Alabama","League of the South","Neo-Confederate","","","2010"
"League of the South","Hot Springs","Arkansas","League of the South","Neo-Confederate","","","2010"
"League of the South","Jacksonville","Florida","League of the South","Neo-Confederate","","","2010"
"League of the South","Key West","Florida","League of the South","Neo-Confederate","","","2010"
"League of the South","LaPorte","Texas","League of the South","Neo-Confederate","","","2010"
"League of the South","Laurens","South Carolina","League of the South","Neo-Confederate","","","2010"
"League of the South","Lexington","Kentucky","League of the South","Neo-Confederate","","","2010"
"League of the South","Lobelville","Tennessee","League of the South","Neo-Confederate","","","2010"
"League of the South","Macon","Georgia","League of the South","Neo-Confederate","","","2010"
"League of the South","Mammoth Spring","Arkansas","League of the South","Neo-Confederate","","","2010"
"League of the South","Marion","Virginia","League of the South","Neo-Confederate","","","2010"
"League of the South","McDonough","Georgia","League of the South","Neo-Confederate","","","2010"
"League of the South","Mendenhall","Mississippi","League of the South","Neo-Confederate","","","2010"
"League of the South","Monroe","Louisiana","League of the South","Neo-Confederate","","","2010"
"League of the South","Montgomery","Alabama","League of the South","Neo-Confederate","","","2010"
"League of the South","Prince Frederick","Maryland","League of the South","Neo-Confederate","","","2010"
"League of the South","Scotts Valley","California","League of the South","Neo-Confederate","","","2010"
"League of the South","Selma","Alabama","League of the South","Neo-Confederate","","","2010"
"League of the South","Statesboro","Georgia","League of the South","Neo-Confederate","","","2010"
"League of the South","Tuscaloosa","Alabama","League of the South","Neo-Confederate","","","2010"
"League of the South","Weogufka","Alabama","League of the South","Neo-Confederate","","","2010"
"League of the South","West Plains","Missouri","League of the South","Neo-Confederate","","","2010"
"League of the South","Wetumpka","Alabama","League of the South","Neo-Confederate","","","2010"
"League of the South","Wilmington","North Carolina","League of the South","Neo-Confederate","","","2010"
"League of the South","","Florida","League of the South","Neo-Confederate","","Yes","2010"
"League of the South","","Florida","League of the South","Neo-Confederate","","Yes","2010"
"League of the South","","Georgia","League of the South","Neo-Confederate","","Yes","2010"
"League of the South Institute","Clemson","South Carolina","","Neo-Confederate","","","2010"
"League of the South","Killen","Alabama","League of the South","Neo-Confederate","","","2010"
"League of the South","","Oklahoma","League of the South","Neo-Confederate","","Yes","2010"
"League of the South/Southern Patriot Shop","Cayce","South Carolina","","Neo-Confederate","","","2010"
"League of the South/Southern Patriot Super Store","Abbeville","South Carolina","","Neo-Confederate","","","2010"
"IHS Press","Odessa","Texas","","Radical Traditional Catholicism ","","","2010"
"Life Rune Industries","North Highlands","California","","Hate Music ","","","2010"
"Livin' the Legacy","Nashville","Indiana","","Neo-Confederate","","","2010"
"M.A.C.S. Klan Merchandise","","Louisiana","","General Hate ","","Yes","2010"
"Mary Noel Kershaw Foundation","Lobelville","Tennessee","","Neo-Confederate","","","2010"
"Maryland National Socialist Party","Elkridge","Maryland","","Neo-Nazi","","","2010"
"Maryland State Skinheads","Baltimore","Maryland","","Racist Skinhead ","","","2010"
"Mass Resistance","Waltham","Massachusetts","","Anti-LGBTQ","","","2010"
"Micetrap Distribution","Maple Shade","New Jersey","","Hate Music ","","","2010"
"Midland Hammerskins","Wichita","Kansas","","Racist Skinhead ","","","2010"
"Mission to Israel","Scottsbluff","Nebraska","","Christian Identity ","","","2010"
"Mississippi White Knights of the KKK","Brookhaven","Mississippi","","Ku Klux Klan ","","","2010"
"Mississippi White Knights of the KKK","Jackson","Mississippi","","Ku Klux Klan ","","","2010"
"Mississippi White Knights of the KKK","Meridian","Mississippi","","Ku Klux Klan ","","","2010"
"Mississippi White Knights of the KKK","Mize","Mississippi","","Ku Klux Klan ","","","2010"
"Mississippi White Knights of the KKK","Pearl","Mississippi","","Ku Klux Klan ","","","2010"
"Mississippi White Knights of the KKK","Philadelphia","Mississippi","","Ku Klux Klan ","","","2010"
"Mississippi White Knights of the KKK","Ripley","Mississippi","","Ku Klux Klan ","","","2010"
"Mississippi White Knights of the KKK","Shannon","Mississippi","","Ku Klux Klan ","","","2010"
"Mississippi White Knights of the KKK","Tupelo","Mississippi","","Ku Klux Klan ","","","2010"
"Mississippi White Knights of the KKK","Petal","Mississippi","","Ku Klux Klan ","","","2010"
"Most Holy Family Monastery","Fillmore","New York","","Radical Traditional Catholicism ","","","2010"
"Mountain State Knights of the KKK","","Ohio","","Ku Klux Klan ","","Yes","2010"
"Mountain State Knights of the KKK","","West Virginia","","Ku Klux Klan ","","Yes","2010"
"Mountain State Knights of the KKK","","Tennessee","","Ku Klux Klan ","","Yes","2010"
"Mountain State Knights of the KKK","","Vermont","","Ku Klux Klan ","","Yes","2010"
"Mountain State Knights of the KKK","Hartford","Kentucky","","Ku Klux Klan ","","","2010"
"MSR Productions","Wheat Ridge","Colorado","","Hate Music ","","","2010"
"Nation of Islam","Akron","Ohio","Nation of Islam","","","","2010"
"Nation of Islam","Atlanta","Georgia","Nation of Islam","","","","2010"
"Nation of Islam","Atlantic City","New Jersey","Nation of Islam","","","","2010"
"Nation of Islam","Aurora","Colorado","Nation of Islam","","","","2010"
"Nation of Islam","Austin","Texas","Nation of Islam","","","","2010"
"Nation of Islam","Baltimore","Maryland","Nation of Islam","","","","2010"
"Nation of Islam","Birmingham","Alabama","Nation of Islam","","","","2010"
"Nation of Islam","Boston","Massachusetts","Nation of Islam","","","","2010"
"Nation of Islam","Bridgeport","Connecticut","Nation of Islam","","","","2010"
"Nation of Islam","Brooklyn","New York","Nation of Islam","","","","2010"
"Nation of Islam","Charleston","South Carolina","Nation of Islam","","","","2010"
"Nation of Islam","Charlotte","North Carolina","Nation of Islam","","","","2010"
"Nation of Islam","Cincinnati","Ohio","Nation of Islam","","","","2010"
"Nation of Islam","Columbia","South Carolina","Nation of Islam","","","","2010"
"Nation of Islam","Columbus","Georgia","Nation of Islam","","","","2010"
"Nation of Islam","Columbus","Ohio","Nation of Islam","","","","2010"
"Nation of Islam","Compton","California","Nation of Islam","","","","2010"
"Nation of Islam","Dallas","Texas","Nation of Islam","","","","2010"
"Nation of Islam","Detroit","Michigan","Nation of Islam","","","","2010"
"Nation of Islam","Durham","North Carolina","Nation of Islam","","","","2010"
"Nation of Islam","Fayetteville","North Carolina","Nation of Islam","","","","2010"
"Nation of Islam","Flint","Michigan","Nation of Islam","","","","2010"
"Nation of Islam","Fort Lauderdale","Florida","Nation of Islam","","","","2010"
"Nation of Islam","Fort Worth","Texas","Nation of Islam","","","","2010"
"Nation of Islam","Fresno","California","Nation of Islam","","","","2010"
"Nation of Islam","Grand Rapids","Michigan","Nation of Islam","","","","2010"
"Nation of Islam","Greensboro","North Carolina","Nation of Islam","","","","2010"
"Nation of Islam","Greenville","Mississippi","Nation of Islam","","","","2010"
"Nation of Islam","Greenwood","Mississippi","Nation of Islam","","","","2010"
"Nation of Islam","Harlem","New York","Nation of Islam","","","","2010"
"Nation of Islam","Houston","Texas","Nation of Islam","","","","2010"
"Nation of Islam","Indianapolis","Indiana","Nation of Islam","","","","2010"
"Nation of Islam","Inland Empire","California","Nation of Islam","","","","2010"
"Nation Of Islam","Jackson","Michigan","","","","","2010"
"Nation of Islam","Las Vegas","Nevada","Nation of Islam","","","","2010"
"Nation of Islam","Little Rock","Arkansas","Nation of Islam","","","","2010"
"Nation of Islam","Long Beach","California","Nation of Islam","","","","2010"
"Nation of Islam","Los Angeles","California","Nation of Islam","","","","2010"
"Nation of Islam","Louisville","Kentucky","Nation of Islam","","","","2010"
"Nation of Islam","Memphis","Tennessee","Nation of Islam","","","","2010"
"Nation of Islam","Miami","Florida","Nation of Islam","","","","2010"
"Nation of Islam","Milwaukee","Wisconsin","Nation of Islam","","","","2010"
"Nation of Islam","Mobile","Alabama","Nation of Islam","","","","2010"
"Nation of Islam","Montgomery","Alabama","Nation of Islam","","","","2010"
"Nation of Islam","Nashville","Tennessee","Nation of Islam","","","","2010"
"Nation of Islam","New Orleans","Louisiana","Nation of Islam","","","","2010"
"Nation of Islam","Newark","New Jersey","Nation of Islam","","","","2010"
"Nation of Islam","Oakland","California","Nation of Islam","","","","2010"
"Nation of Islam","Orlando","Florida","Nation of Islam","","","","2010"
"Nation of Islam","Philadelphia","Pennsylvania","Nation of Islam","","","","2010"
"Nation of Islam","Phoenix","Arizona","Nation of Islam","","","","2010"
"Nation of Islam","Pine Bluff","Arkansas","Nation of Islam","","","","2010"
"Nation of Islam","Pittsburgh","Pennsylvania","Nation of Islam","","","","2010"
"Nation of Islam","Plainfield","New Jersey","Nation of Islam","","","","2010"
"Nation of Islam","Portland","Oregon","Nation of Islam","","","","2010"
"Nation of Islam","Richmond","Virginia","Nation of Islam","","","","2010"
"Nation of Islam","Richmond","California","Nation of Islam","","","","2010"
"Nation of Islam","Rochester","New York","Nation of Islam","","","","2010"
"Nation of Islam","Sacramento","California","Nation of Islam","","","","2010"
"Nation of Islam","San Diego","California","Nation of Islam","","","","2010"
"Nation of Islam","San Francisco","California","Nation of Islam","","","","2010"
"Nation of Islam","Seattle","Washington","Nation of Islam","","","","2010"
"Nation of Islam","Shreveport","Louisiana","Nation of Islam","","","","2010"
"Nation of Islam","Southaven","Mississippi","Nation of Islam","","","","2010"
"Nation of Islam","St. Louis","Missouri","Nation of Islam","","","","2010"
"Nation Of Islam","Stockton","California","","","","","2010"
"Nation of Islam","Tampa","Florida","Nation of Islam","","","","2010"
"Nation Of Islam","Tuscaloosa","Alabama","","","","","2010"
"Nation of Islam","Washington","District of Columbia","Nation of Islam","","","","2010"
"Nation of Islam","Willingboro","New Jersey","Nation of Islam","","","","2010"
"Nation of Islam","Wilmington","Delaware","Nation of Islam","","","","2010"
"Nation of Islam","Youngstown","Ohio","Nation of Islam","","","","2010"
"Nation of Islam","Chicago","Illinois","Nation of Islam","","","","2010"
"National Alliance","Cincinnati","Ohio","National Alliance","Neo-Nazi","","","2010"
"National Alliance","Columbus","Georgia","National Alliance","Neo-Nazi","","","2010"
"National Alliance","Dallas/Fort Worth","Texas","National Alliance","Neo-Nazi","","","2010"
"National Alliance","Las Vegas","Nevada","National Alliance","Neo-Nazi","","","2010"
"National Alliance","Parma","Ohio","National Alliance","Neo-Nazi","","","2010"
"National Alliance","Raleigh","North Carolina","National Alliance","Neo-Nazi","","","2010"
"National Alliance","Sacramento","California","National Alliance","Neo-Nazi","","","2010"
"National Alliance","Hillsboro","West Virginia","National Alliance","Neo-Nazi","","","2010"
"National Black Foot Soldier Network","Ardmore","Oklahoma","","","","","2010"
"National Black Foot Soldier Network","Atlanta","Georgia","","","","","2010"
"National Black Foot Soldier Network","Baltimore","Maryland","","","","","2010"
"National Black Foot Soldier Network","Beaumont","Texas","","","","","2010"
"National Black Foot Soldier Network","Boston","Massachusetts","","","","","2010"
"National Black Foot Soldier Network","Chicago","Illinois","","","","","2010"
"National Black Foot Soldier Network","Cincinnati","Ohio","","","","","2010"
"National Black Foot Soldier Network","Dallas","Texas","","","","","2010"
"National Black Foot Soldier Network","Detroit","Michigan","","","","","2010"
"National Black Foot Soldier Network","Gainesville","Florida","","","","","2010"
"National Black Foot Soldier Network","Houston","Texas","","","","","2010"
"National Black Foot Soldier Network","Jacksonville","Florida","","","","","2010"
"National Black Foot Soldier Network","Jersey City","New Jersey","","","","","2010"
"National Black Foot Soldier Network","Knoxville","Tennessee","","","","","2010"
"National Black Foot Soldier Network","Las Vegas","Nevada","","","","","2010"
"National Black Foot Soldier Network","Little Rock","Arkansas","","","","","2010"
"National Black Foot Soldier Network","Los Angeles","California","","","","","2010"
"National Black Foot Soldier Network","Louisville","Kentucky","","","","","2010"
"National Black Foot Soldier Network","Mobile","Alabama","","","","","2010"
"National Black Foot Soldier Network","Muskegon","Michigan","","","","","2010"
"National Black Foot Soldier Network","New Hartford","New York","","","","","2010"
"National Black Foot Soldier Network","Oak Park","Michigan","","","","","2010"
"National Black Foot Soldier Network","Oakland","California","","","","","2010"
"National Black Foot Soldier Network","Omaha","Nebraska","","","","","2010"
"National Black Foot Soldier Network","Portland","Oregon","","","","","2010"
"National Black Foot Soldier Network","Rochester","New York","","","","","2010"
"National Black Foot Soldier Network","San Diego","California","","","","","2010"
"National Black Foot Soldier Network","Sanford","North Carolina","","","","","2010"
"National Black Foot Soldier Network","Savannah","Georgia","","","","","2010"
"National Black Foot Soldier Network","Seattle","Washington","","","","","2010"
"National Black Foot Soldier Network","Shreveport","Louisiana","","","","","2010"
"National Black Foot Soldier Network","St. Joseph","Missouri","","","","","2010"
"National Black Foot Soldier Network","St. Louis","Missouri","","","","","2010"
"National Black Foot Soldier Network","Taylor","Michigan","","","","","2010"
"National Black Foot Soldier Network","Virginia Beach","Virginia","","","","","2010"
"National Black Foot Soldier Network","","New York","","","","Yes","2010"
"National Black Foot Soldier Network","","District of Columbia","","","","Yes","2010"
"National Black Foot Soldier Network","","Indiana","","","","Yes","2010"
"National Black Foot Soldier Network","","New Jersey","","","","Yes","2010"
"National Black Foot Soldier Network","","Pennsylvania","","","","Yes","2010"
"National Black Foot Soldier Network","","South Carolina","","","","Yes","2010"
"National Knights of the KKK","Brush Creek","Tennessee","","Ku Klux Klan ","","","2010"
"National Knights of the KKK","Warrenville","South Carolina","","Ku Klux Klan ","","","2010"
"National Knights of the KKK","","Georgia","","Ku Klux Klan ","","Yes","2010"
"National Knights of the KKK","","Kentucky","","Ku Klux Klan ","","Yes","2010"
"National Knights of the KKK","","West Virginia","","Ku Klux Klan ","","Yes","2010"
"National Knights of the KKK","","New Hampshire","","Ku Klux Klan ","","Yes","2010"
"National Knights of the KKK","","Arizona","","Ku Klux Klan ","","Yes","2010"
"National Knights of the KKK","South Bend","Indiana","","Ku Klux Klan ","","","2010"
"National Policy Institute","Augusta","Georgia","","White Nationalist ","","","2010"
"National Prayer Network","Clackamas","Oregon","","General Hate ","","","2010"
"National Socialist American Labor Party","New Castle","Maine","","Neo-Nazi","","","2010"
"National Socialist American Labor Party","Toledo","Ohio","","Neo-Nazi","","","2010"
"National Socialist American Labor Party","","Florida","","Neo-Nazi","","Yes","2010"
"National Socialist American Labor Party","","Georgia","","Neo-Nazi","","Yes","2010"
"National Socialist American Labor Party","","Washington","","Neo-Nazi","","Yes","2010"
"National Socialist American Labor Party","","Texas","","Neo-Nazi","","Yes","2010"
"National Socialist American Labor Party","","Idaho","","Neo-Nazi","","Yes","2010"
"National Socialist American Labor Party","","New York","","Neo-Nazi","","Yes","2010"
"National Socialist American Labor Party","Burbank","California","","Neo-Nazi","","","2010"
"National Socialist Aryan Order","Davison","Michigan","","Neo-Nazi","","","2010"
"National Socialist Freedom Movement","Tulsa","Oklahoma","","Neo-Nazi","","","2010"
"National Socialist German Workers Party","Lincoln","Nebraska","","Neo-Nazi","","","2010"
"National Socialist Movement","Berlin","Wisconsin","National Socialist Movement","Neo-Nazi","","","2010"
"National Socialist Movement","Birmingham","New Jersey","National Socialist Movement","Neo-Nazi","","","2010"
"National Socialist Movement","Brooklyn","New York","National Socialist Movement","Neo-Nazi","","","2010"
"National Socialist Movement","Browns Mills","New Jersey","National Socialist Movement","Neo-Nazi","","","2010"
"National Socialist Movement","Clifton","New Jersey","National Socialist Movement","Neo-Nazi","","","2010"
"National Socialist Movement","Dulzura","California","National Socialist Movement","Neo-Nazi","","","2010"
"National Socialist Movement","Elkridge","Maryland","National Socialist Movement","Neo-Nazi","","","2010"
"National Socialist Movement","Green Bay","Wisconsin","National Socialist Movement","Neo-Nazi","","","2010"
"National Socialist Movement","Greenville","South Carolina","National Socialist Movement","Neo-Nazi","","","2010"
"National Socialist Movement","Haysville","Kansas","National Socialist Movement","Neo-Nazi","","","2010"
"National Socialist Movement","Hudson","Colorado","National Socialist Movement","Neo-Nazi","","","2010"
"National Socialist Movement","Lake Worth","Florida","National Socialist Movement","Neo-Nazi","","","2010"
"National Socialist Movement","Lansing","Kansas","National Socialist Movement","Neo-Nazi","","","2010"
"National Socialist Movement","Lehigh Valley","Pennsylvania","National Socialist Movement","Neo-Nazi","","","2010"
"National Socialist Movement","Lubbock","Texas","National Socialist Movement","Neo-Nazi","","","2010"
"National Socialist Movement","Mather","Pennsylvania","National Socialist Movement","Neo-Nazi","","","2010"
"National Socialist Movement","Medford","Oregon","National Socialist Movement","Neo-Nazi","","","2010"
"National Socialist Movement","Mesa","Arizona","National Socialist Movement","Neo-Nazi","","","2010"
"National Socialist Movement","Minneapolis","Minnesota","National Socialist Movement","Neo-Nazi","","","2010"
"National Socialist Movement","Oak Grove","Missouri","National Socialist Movement","Neo-Nazi","","","2010"
"National Socialist Movement","Oklahoma City","Oklahoma","National Socialist Movement","Neo-Nazi","","","2010"
"National Socialist Movement","Philadelphia","Pennsylvania","National Socialist Movement","Neo-Nazi","","","2010"
"National Socialist Movement","Phoenix","Arizona","National Socialist Movement","Neo-Nazi","","","2010"
"National Socialist Movement","Portland","Oregon","National Socialist Movement","Neo-Nazi","","","2010"
"National Socialist Movement","Riverside","California","National Socialist Movement","Neo-Nazi","","","2010"
"National Socialist Movement","Rochester","Minnesota","National Socialist Movement","Neo-Nazi","","","2010"
"National Socialist Movement","Romney","West Virginia","National Socialist Movement","Neo-Nazi","","","2010"
"National Socialist Movement","Schiller Park","Illinois","National Socialist Movement","Neo-Nazi","","","2010"
"National Socialist Movement","Spartanburg","South Carolina","National Socialist Movement","Neo-Nazi","","","2010"
"National Socialist Movement","Tampa Bay","Florida","National Socialist Movement","Neo-Nazi","","","2010"
"National Socialist Movement","Tupelo","Mississippi","National Socialist Movement","Neo-Nazi","","","2010"
"National Socialist Movement","Tyler","Texas","National Socialist Movement","Neo-Nazi","","","2010"
"National Socialist Movement","Vancouver","Washington","National Socialist Movement","Neo-Nazi","","","2010"
"National Socialist Movement","Wakarusa","Indiana","National Socialist Movement","Neo-Nazi","","","2010"
"National Socialist Movement","Wyoming","Michigan","National Socialist Movement","Neo-Nazi","","","2010"
"National Socialist Movement","","Connecticut","National Socialist Movement","Neo-Nazi","","Yes","2010"
"National Socialist Movement","","South Carolina","National Socialist Movement","Neo-Nazi","","Yes","2010"
"National Socialist Movement","","Delaware","National Socialist Movement","Neo-Nazi","","Yes","2010"
"National Socialist Movement","","West Virginia","National Socialist Movement","Neo-Nazi","","Yes","2010"
"National Socialist Movement","","Texas","National Socialist Movement","Neo-Nazi","","Yes","2010"
"National Socialist Movement","","Kentucky","National Socialist Movement","Neo-Nazi","","Yes","2010"
"National Socialist Movement","","Nevada","National Socialist Movement","Neo-Nazi","","Yes","2010"
"National Socialist Movement","","Georgia","National Socialist Movement","Neo-Nazi","","Yes","2010"
"National Socialist Movement","","Oregon","National Socialist Movement","Neo-Nazi","","Yes","2010"
"National Socialist Movement","","Massachusetts","National Socialist Movement","Neo-Nazi","","Yes","2010"
"National Socialist Movement","","Tennessee","National Socialist Movement","Neo-Nazi","","Yes","2010"
"National Socialist Movement","","Tennessee","National Socialist Movement","Neo-Nazi","","Yes","2010"
"National Socialist Movement","","Utah","National Socialist Movement","Neo-Nazi","","Yes","2010"
"National Socialist Movement","","Wyoming","National Socialist Movement","Neo-Nazi","","Yes","2010"
"National Socialist Movement","Detroit","Michigan","National Socialist Movement","Neo-Nazi","","","2010"
"National Vanguard Books","Hillsboro","West Virginia","","General Hate ","","","2010"
"Nationalist Coalition","Denver","Colorado","","Neo-Nazi","","","2010"
"Nationalist Coalition","Mesa","Arizona","","Neo-Nazi","","","2010"
"Nationalist Coalition","St. Petersburg","Florida","","Neo-Nazi","","","2010"
"Nationalist Movement","Learned","Mississippi","","White Nationalist ","","","2010"
"New Black Panther Party","Houston","Texas","New Black Panther Party","","","","2010"
"New Black Panther Party","Newark","New Jersey","New Black Panther Party","","","","2010"
"New Black Panther Party","St. Louis","Missouri","New Black Panther Party","","","","2010"
"New Black Panther Party","Trenton","New Jersey","New Black Panther Party","","","","2010"
"New Black Panther Party","Washington","District of Columbia","New Black Panther Party","","","","2010"
"New Century Productions - A Conversation About Race","Littleton","Colorado","","White Nationalist ","","","2010"
"Non-Universal Teaching Ministries/Christogenea","Fostoria","Ohio","","Christian Identity ","","","2010"
"Noontide Press","Newport Beach","California","","Holocaust Denial","","","2010"
"Nordwave","Lake Worth","Florida","","Neo-Nazi","","","2010"
"North East White Pride","Cromwell","Connecticut","","White Nationalist ","","","2010"
"North East White Pride","","New Hampshire","","White Nationalist ","","Yes","2010"
"North East White Pride","","New Jersey","","White Nationalist ","","Yes","2010"
"North East White Pride","Haverhill","Massachusetts","","White Nationalist ","","","2010"
"Northern Hammerskins","Detroit","Michigan","","Racist Skinhead ","","","2010"
"Northern Hammerskins","","Illinois","","Racist Skinhead ","","Yes","2010"
"Northern Voice Bookstore","Las Vegas","Nevada","","White Nationalist ","","","2010"
"Northwest Front","Seattle","Washington","","White Nationalist ","","","2010"
"Northwest Hammerskins","Portland","Oregon","","Racist Skinhead ","","","2010"
"Northwest Hammerskins","","Washington","","Racist Skinhead ","","Yes","2010"
"Occidental Dissent","Birmingham","Alabama","","White Nationalist ","","","2010"
"Occidental Quarterly/Charles Martel Society","Augusta","Georgia","Occidental Quarterly","White Nationalist ","","","2010"
"Old Glory Skinheads","","Virginia","","Racist Skinhead ","","Yes","2010"
"Old Glory Skinheads","","Georgia","","Racist Skinhead ","","Yes","2010"
"Old Glory Skinheads","","North Carolina","","Racist Skinhead ","","Yes","2010"
"OMNI Christian Book Club","Palmdale","California","","Radical Traditional Catholicism ","","","2010"
"Original Knights of America Knights of the KKK","Booneville","Mississippi","","Ku Klux Klan ","","","2010"
"Original Knights of America Knights of the KKK","Philadelphia","Mississippi","","Ku Klux Klan ","","","2010"
"Ozark Craft LC","Harrison","Arkansas","","General Hate ","","","2010"
"Pacifica Forum","Eugene","Oregon","","White Nationalist ","","","2010"
"Patriotic Flags","Summerville","South Carolina","","White Nationalist ","","","2010"
"Pioneer Fund","New York","New York","","White Nationalist ","","","2010"
"Poker Face","Allentown","Pennsylvania","","Hate Music ","","","2010"
"The Political Cesspool","Bartlett","Tennessee","","White Nationalist ","","","2010"
"Power of Prophecy","Austin","Texas","","General Hate ","","","2010"
"Press 2 For English","Jackson","Mississippi","","Anti-Immigrant","","","2010"
"Proud Aryan Brothers","Kokomo","Indiana","","White Nationalist ","","","2010"
"Racial Nationalist Party of America","Lockport","New York","","White Nationalist ","","","2010"
"The Redneck Shop","Laurens","South Carolina","","General Hate ","","","2010"
"Reformed Church of Israel","Schell City","Missouri","","Christian Identity ","","","2010"
"The Remnant","Forest Lake","Minnesota","","Radical Traditional Catholicism ","","","2010"
"Representative Government Education Foundation","Raleigh","North Carolina","","White Nationalist ","","","2010"
"Resistance Records","Hillsboro","West Virginia","","Hate Music ","","","2010"
"Retaliator Skinhead Nation","","Arizona","","Racist Skinhead ","","Yes","2010"
"Retaliator Skinhead Nation","Gilmanton","Wisconsin","","Racist Skinhead ","","","2010"
"Right Wing Extreme","Gainesville","Georgia","","Anti-Muslim","","","2010"
"Save Our State","San Bernardino","California","","Anti-Immigrant","","","2010"
"Scott-Townsend Publishers","Washington, D. C.","District of Columbia","","White Nationalist ","","","2010"
"Scriptures for America Worldwide Ministries","Laporte","Colorado","","Christian Identity ","","","2010"
"The Shepherd's Call Ministries","New Tazewell","Tennessee","","Christian Identity ","","","2010"
"Sigrdrifa","Vancouver","Washington","","White Nationalist ","","","2010"
"Skinhead Stormtroopers","Portage","Indiana","","Racist Skinhead ","","","2010"
"Slaves of the Immaculate Heart of Mary","Richmond","New Hampshire","","Radical Traditional Catholicism ","","","2010"
"The Social Contract Press","Petoskey","Michigan","","White Nationalist ","","","2010"
"Sons of Aesir Motorcycle Club","","Arizona","","General Hate ","","Yes","2010"
"SS Regalia","Edgewater","Maryland","","Neo-Nazi","","","2010"
"St. Joseph Forum","South Bend","Indiana","","Radical Traditional Catholicism ","","","2010"
"St. Michael's Parish/Mount St. Michael","Spokane","Washington","","Radical Traditional Catholicism ","","","2010"
"Stop the Islamization of America (SIOA)","New York City","New York","","Anti-Muslim","","","2010"
"Stormfront","West Palm Beach","Florida","Stormfront","White Nationalist ","","","2010"
"Supreme White Alliance","Chicago","Illinois","","Racist Skinhead ","","","2010"
"Supreme White Alliance","","Missouri","","Racist Skinhead ","","Yes","2010"
"Supreme White Alliance","","Georgia","","Racist Skinhead ","","Yes","2010"
"Supreme White Alliance","","New Jersey","","Racist Skinhead ","","Yes","2010"
"Supreme White Alliance","","Nevada","","Racist Skinhead ","","Yes","2010"
"Supreme White Alliance","","Kentucky","","Racist Skinhead ","","Yes","2010"
"Supreme White Alliance","","North Carolina","","Racist Skinhead ","","Yes","2010"
"Supreme White Alliance","","Iowa","","Racist Skinhead ","","Yes","2010"
"Supreme White Alliance","","Idaho","","Racist Skinhead ","","Yes","2010"
"Supreme White Alliance","","Texas","","Racist Skinhead ","","Yes","2010"
"Supreme White Alliance","","Ohio","","Racist Skinhead ","","Yes","2010"
"Supreme White Knights of the KKK","Bloomington","Indiana","","Ku Klux Klan ","","","2010"
"Supreme White Knights of the KKK","","Illinois","","Ku Klux Klan ","","Yes","2010"
"Supreme White Knights of the KKK","","New York","","Ku Klux Klan ","","Yes","2010"
"Supreme White Knights of the KKK","","Missouri","","Ku Klux Klan ","","Yes","2010"
"Supreme White Knights of the KKK","","Kentucky","","Ku Klux Klan ","","Yes","2010"
"Supreme White Knights of the KKK","Van Wert","Ohio","","Ku Klux Klan ","","","2010"
"Temple 88","Farmington","West Virginia","","White Nationalist ","","","2010"
"Texas Rebel Knights of the KKK","Splendora","Texas","","Ku Klux Klan ","","","2010"
"The Church of Jesus Christ Christian / Aryan Nations","Granby","Missouri","","Christian Identity ","","","2010"
"The Creativity Alliance","Clovis","California","","Neo-Nazi","","","2010"
"The Creativity Alliance","Draper","Utah","","Neo-Nazi","","","2010"
"The Creativity Alliance","Mountain City","Tennessee","","Neo-Nazi","","","2010"
"The Creativity Alliance","Philadelphia","Pennsylvania","","Neo-Nazi","","","2010"
"The Creativity Alliance","","Virginia","","Neo-Nazi","","Yes","2010"
"The Creativity Alliance","","Georgia","","Neo-Nazi","","Yes","2010"
"The Creativity Movement","Billings","Montana","","Neo-Nazi","","","2010"
"The Creativity Movement","Bozeman","Montana","","Neo-Nazi","","","2010"
"The Creativity Movement","Kalispell","Montana","","Neo-Nazi","","","2010"
"The Creativity Movement","Wise","Virginia","","Neo-Nazi","","","2010"
"The Creativity Movement","Chillicothe","Ohio","","Neo-Nazi","","","2010"
"The Creativity Movement","Zion","Illinois","","Neo-Nazi","","","2010"
"The Fitzgerald Griffin Foundation","Vienna","Virginia","","White Nationalist ","","","2010"
"Tightrope","Calico Rock","Arkansas","","Hate Music ","","","2010"
"Tip of the Spear Consulting Services","","Florida","","White Nationalist ","","Yes","2010"
"Tony Alamo Christian Ministries","Canyon Country","California","","General Hate ","","","2010"
"Tony Alamo Christian Ministries","Fort Smith","Arkansas","","General Hate ","","","2010"
"Tony Alamo Christian Ministries","New York","New York","","General Hate ","","","2010"
"Tony Alamo Christian Ministries","Texarkana","Texas","","General Hate ","","","2010"
"Tony Alamo Christian Ministries","Fouke","Arkansas","","General Hate ","","","2010"
"Tradition in Action","Los Angeles","California","","Radical Traditional Catholicism ","","","2010"
"Traditional Christian Knights of the KKK","","North Carolina","","Ku Klux Klan ","","Yes","2010"
"Traditional Christian Knights of the KKK","Carlsbad","Texas","","Ku Klux Klan ","","","2010"
"Traditional Values Coalition","Washington","District of Columbia","","Anti-LGBTQ","","","2010"
"Traditional Values Coalition","Anaheim","California","","Anti-LGBTQ","","","2010"
"Traditionalist American Knights of the KKK","","Arkansas","","Ku Klux Klan ","","Yes","2010"
"Traditionalist American Knights of the KKK","","Mississippi","","Ku Klux Klan ","","Yes","2010"
"Traditionalist American Knights of the KKK","","Indiana","","Ku Klux Klan ","","Yes","2010"
"Traditionalist American Knights of the KKK","","Florida","","Ku Klux Klan ","","Yes","2010"
"Traditionalist American Knights of the KKK","","Illinois","","Ku Klux Klan ","","Yes","2010"
"Traditionalist American Knights of the KKK","","Ohio","","Ku Klux Klan ","","Yes","2010"
"Traditionalist American Knights of the KKK","","Pennsylvania","","Ku Klux Klan ","","Yes","2010"
"Traditionalist American Knights of the KKK","","North Carolina","","Ku Klux Klan ","","Yes","2010"
"Traditionalist American Knights of the KKK","","West Virginia","","Ku Klux Klan ","","Yes","2010"
"Traditionalist American Knights of the KKK","","Virginia","","Ku Klux Klan ","","Yes","2010"
"Traditionalist American Knights of the KKK","","Oklahoma","","Ku Klux Klan ","","Yes","2010"
"Traditionalist American Knights of the KKK","","Kentucky","","Ku Klux Klan ","","Yes","2010"
"Traditionalist American Knights of the KKK","Potosi","Missouri","","Ku Klux Klan ","","","2010"
"Traditionalist American Knights of the KKK","","Louisiana","","Ku Klux Klan ","","Yes","2010"
"True Invisible Empire Knights of the KKK","Anderson","Alabama","","Ku Klux Klan ","","","2010"
"True Invisible Empire Knights of the KKK","Brushcreek","Tennessee","","Ku Klux Klan ","","","2010"
"True Invisible Empire Knights of the KKK","Cullman","Alabama","","Ku Klux Klan ","","","2010"
"True Invisible Empire Knights of the KKK","Estill Springs","Tennessee","","Ku Klux Klan ","","","2010"
"True Invisible Empire Knights of the KKK","Hohenwald","Tennessee","","Ku Klux Klan ","","","2010"
"True Invisible Empire Knights of the KKK","Nashua","Iowa","","Ku Klux Klan ","","","2010"
"True Invisible Empire Knights of the KKK","Toney","Alabama","","Ku Klux Klan ","","","2010"
"True Invisible Empire Knights of the KKK","Whiteville","Tennessee","","Ku Klux Klan ","","","2010"
"True Invisible Empire Knights of the KKK","Woodbury","Tennessee","","Ku Klux Klan ","","","2010"
"True Invisible Empire Knights of the KKK","","Tennessee","","Ku Klux Klan ","","Yes","2010"
"True Invisible Empire Knights of the KKK","","Tennessee","","Ku Klux Klan ","","Yes","2010"
"True Invisible Empire Knights of the KKK","Pulaski","Tennessee","","Ku Klux Klan ","","","2010"
"Truth Triumphant","Eustis","Florida","","General Hate ","","","2010"
"Unholy Records","Marlinton","West Virginia","","Hate Music ","","","2010"
"United Church of YHWH","Lincoln","Alabama","","Christian Identity ","","","2010"
"United for a Sovereign America (USA)","Phoenix","Arizona","","Anti-Immigrant","","","2010"
"United Knights of Tennessee KKK","Morristown","Tennessee","","Ku Klux Klan ","","","2010"
"United Northern and Southern Knights of the KKK","Battle Creek","Michigan","","Ku Klux Klan ","","","2010"
"United Northern and Southern Knights of the KKK","Chicago","Illinois","","Ku Klux Klan ","","","2010"
"United Northern and Southern Knights of the KKK","Gladwin","Michigan","","Ku Klux Klan ","","","2010"
"United Northern and Southern Knights of the KKK","Gordonsville","Virginia","","Ku Klux Klan ","","","2010"
"United Northern and Southern Knights of the KKK","Hampton","Florida","","Ku Klux Klan ","","","2010"
"United Northern and Southern Knights of the KKK","Kingsport","Tennessee","","Ku Klux Klan ","","","2010"
"United Northern and Southern Knights of the KKK","Longmont","Colorado","","Ku Klux Klan ","","","2010"
"United Northern and Southern Knights of the KKK","Mays Landing","New Jersey","","Ku Klux Klan ","","","2010"
"United Northern and Southern Knights of the KKK","North Providence","Rhode Island","","Ku Klux Klan ","","","2010"
"United Northern and Southern Knights of the KKK","West College Corner","Indiana","","Ku Klux Klan ","","","2010"
"United Northern and Southern Knights of the KKK","","Mississippi","","Ku Klux Klan ","","Yes","2010"
"United Northern and Southern Knights of the KKK","","Ohio","","Ku Klux Klan ","","Yes","2010"
"United Northern and Southern Knights of the KKK","","Maryland","","Ku Klux Klan ","","Yes","2010"
"United Northern and Southern Knights of the KKK","","Louisiana","","Ku Klux Klan ","","Yes","2010"
"United Northern and Southern Knights of the KKK","","Alabama","","Ku Klux Klan ","","Yes","2010"
"United Northern and Southern Knights of the KKK","","Missouri","","Ku Klux Klan ","","Yes","2010"
"United Northern and Southern Knights of the KKK","","Utah","","Ku Klux Klan ","","Yes","2010"
"United Northern and Southern Knights of the KKK","","New Mexico","","Ku Klux Klan ","","Yes","2010"
"United Northern and Southern Knights of the KKK","","California","","Ku Klux Klan ","","Yes","2010"
"United Northern and Southern Knights of the KKK","","Massachusetts","","Ku Klux Klan ","","Yes","2010"
"United Northern and Southern Knights of the KKK","","Washington","","Ku Klux Klan ","","Yes","2010"
"United Northern and Southern Knights of the KKK","","Oregon","","Ku Klux Klan ","","Yes","2010"
"United Northern and Southern Knights of the KKK","","Virginia","","Ku Klux Klan ","","Yes","2010"
"United Northern and Southern Knights of the KKK","","Georgia","","Ku Klux Klan ","","Yes","2010"
"United Northern and Southern Knights of the KKK","","Nebraska","","Ku Klux Klan ","","Yes","2010"
"United Northern and Southern Knights of the KKK","","Pennsylvania","","Ku Klux Klan ","","Yes","2010"
"United Northern and Southern Knights of the KKK","","North Carolina","","Ku Klux Klan ","","Yes","2010"
"United Northern and Southern Knights of the KKK","","Texas","","Ku Klux Klan ","","Yes","2010"
"United Northern and Southern Knights of the KKK","","North Dakota","","Ku Klux Klan ","","Yes","2010"
"United Northern and Southern Knights of the KKK","","Delaware","","Ku Klux Klan ","","Yes","2010"
"United Northern and Southern Knights of the KKK","","South Carolina","","Ku Klux Klan ","","Yes","2010"
"United Northern and Southern Knights of the KKK","","Connecticut","","Ku Klux Klan ","","Yes","2010"
"United Northern and Southern Knights of the KKK","","Arizona","","Ku Klux Klan ","","Yes","2010"
"United Northern and Southern Knights of the KKK","","New York","","Ku Klux Klan ","","Yes","2010"
"United Northern and Southern Knights of the KKK","Fraser","Michigan","","Ku Klux Klan ","","","2010"
"United Nuwaubian Nation of Moors/All Eyes on Egipt","Milledgeville","Georgia","","","","","2010"
"United Nuwaubian Nation of Moors/All Eyes on Egipt","Stone Mountain","Georgia","","","","","2010"
"United Realms of America Knights of the KKK","Shelbina","Missouri","","Ku Klux Klan ","","","2010"
"United Realms of America Knights of the KKK","Ukiah","California","","Ku Klux Klan ","","","2010"
"United Society of Aryan Skinheads","San Diego","California","","Racist Skinhead ","","","2010"
"United White Knights of the KKK","Abilene","Texas","","Ku Klux Klan ","","","2010"
"United White Knights of the KKK","ArkLaTex Region","Texas","","Ku Klux Klan ","","","2010"
"United White Knights of the KKK","Atoka","Oklahoma","","Ku Klux Klan ","","","2010"
"United White Knights of the KKK","Beaumont","Texas","","Ku Klux Klan ","","","2010"
"United White Knights of the KKK","Buffalo","Texas","","Ku Klux Klan ","","","2010"
"United White Knights of the KKK","Cheyenne","Wyoming","","Ku Klux Klan ","","","2010"
"United White Knights of the KKK","Corpus Christi","Texas","","Ku Klux Klan ","","","2010"
"United White Knights of the KKK","Dallas","Texas","","Ku Klux Klan ","","","2010"
"United White Knights of the KKK","Dayton","Ohio","","Ku Klux Klan ","","","2010"
"United White Knights of the KKK","Detroit","Michigan","","Ku Klux Klan ","","","2010"
"United White Knights of the KKK","Forney","Texas","","Ku Klux Klan ","","","2010"
"United White Knights of the KKK","Fort Worth","Texas","","Ku Klux Klan ","","","2010"
"United White Knights of the KKK","Goose Creek","Texas","","Ku Klux Klan ","","","2010"
"United White Knights of the KKK","Henryetta","Oklahoma","","Ku Klux Klan ","","","2010"
"United White Knights of the KKK","Holdenville","Oklahoma","","Ku Klux Klan ","","","2010"
"United White Knights of the KKK","Homer","Louisiana","","Ku Klux Klan ","","","2010"
"United White Knights of the KKK","Houston","Texas","","Ku Klux Klan ","","","2010"
"United White Knights of the KKK","Marshall","Texas","","Ku Klux Klan ","","","2010"
"United White Knights of the KKK","Midlothian","Texas","","Ku Klux Klan ","","","2010"
"United White Knights of the KKK","Monroe","Louisiana","","Ku Klux Klan ","","","2010"
"United White Knights of the KKK","Monroe","Michigan","","Ku Klux Klan ","","","2010"
"United White Knights of the KKK","Oklahoma City","Oklahoma","","Ku Klux Klan ","","","2010"
"United White Knights of the KKK","Panhandle Region","Texas","","Ku Klux Klan ","","","2010"
"United White Knights of the KKK","San Antonio","Texas","","Ku Klux Klan ","","","2010"
"United White Knights of the KKK","San Saba","Texas","","Ku Klux Klan ","","","2010"
"United White Knights of the KKK","Sarepta","Louisiana","","Ku Klux Klan ","","","2010"
"United White Knights of the KKK","Shawnee","Oklahoma","","Ku Klux Klan ","","","2010"
"United White Knights of the KKK","Shreveport","Louisiana","","Ku Klux Klan ","","","2010"
"United White Knights of the KKK","South Louisiana Region","Louisiana","","Ku Klux Klan ","","","2010"
"United White Knights of the KKK","South West Region","Arkansas","","Ku Klux Klan ","","","2010"
"United White Knights of the KKK","Tullos","Louisiana","","Ku Klux Klan ","","","2010"
"United White Knights of the KKK","Tulsa","Oklahoma","","Ku Klux Klan ","","","2010"
"United White Knights of the KKK","Vidor","Texas","","Ku Klux Klan ","","","2010"
"United White Knights of the KKK","Waco","Texas","","Ku Klux Klan ","","","2010"
"United White Knights of the KKK","Wichita Falls","Texas","","Ku Klux Klan ","","","2010"
"United White Knights of the KKK","","Wyoming","","Ku Klux Klan ","","Yes","2010"
"United White Knights of the KKK","","Pennsylvania","","Ku Klux Klan ","","Yes","2010"
"United White Knights of the KKK","","New Mexico","","Ku Klux Klan ","","Yes","2010"
"United White Knights of the KKK","","Michigan","","Ku Klux Klan ","","Yes","2010"
"United White Knights of the KKK","","Oklahoma","","Ku Klux Klan ","","Yes","2010"
"United White Knights of the KKK","","Illinois","","Ku Klux Klan ","","Yes","2010"
"United White Knights of the KKK","","Ohio","","Ku Klux Klan ","","Yes","2010"
"United White Knights of the KKK","Longview","Texas","","Ku Klux Klan ","","","2010"
"US Border Guard","Mesa","Arizona","","Anti-Immigrant","","","2010"
"VDARE Foundation","Warrenton","Virginia","VDARE","White Nationalist ","","","2010"
"Vinland Folk Resistance","Kingsburg","California","","General Hate ","","","2010"
"Vinlanders Arizona","Mesa","Arizona","","Racist Skinhead ","","","2010"
"Vinlanders Florida","FT. Lauderdale","Florida","","Racist Skinhead ","","","2010"
"Vinlanders Illinois","","Illinois","","Racist Skinhead ","","Yes","2010"
"Vinlanders Indiana","Knightstown","Indiana","","Racist Skinhead ","","","2010"
"Vinlanders Michigan","","Michigan","","Racist Skinhead ","","Yes","2010"
"Vinlanders Missouri","","Missouri","","Racist Skinhead ","","Yes","2010"
"Vinlanders New Jersey","Cherry Hill","New Jersey","","Racist Skinhead ","","","2010"
"Vinlanders New Jersey","Closter","New Jersey","","Racist Skinhead ","","","2010"
"Vinlanders New Jersey","Pt. Pleasant Beach","New Jersey","","Racist Skinhead ","","","2010"
"Vinlanders Ohio","","Ohio","","Racist Skinhead ","","Yes","2010"
"Vinlanders Oklahoma","","Oklahoma","","Racist Skinhead ","","Yes","2010"
"Vinlanders Pennsylvania","","Pennsylvania","","Racist Skinhead ","","Yes","2010"
"Virgil's White Knights of the KKK","","Virginia","","Ku Klux Klan ","","Yes","2010"
"Virginia Publishing Company","Lynchburg","Virginia","","Christian Identity ","","","2010"
"Voice of Reason Broadcast Network","Pasadena","California","","White Nationalist ","","","2010"
"Volksfront","Bridgeton","Missouri","","Racist Skinhead ","","","2010"
"Volksfront","Chicago","Illinois","","Racist Skinhead ","","","2010"
"Volksfront","Cleveland","Ohio","","Racist Skinhead ","","","2010"
"Volksfront","Detroit","Michigan","","Racist Skinhead ","","","2010"
"Volksfront","Norfolk","Virginia","","Racist Skinhead ","","","2010"
"Volksfront","Pensacola","Florida","","Racist Skinhead ","","","2010"
"Volksfront","Phoenix","Arizona","","Racist Skinhead ","","","2010"
"Volksfront","","Mississippi","","Racist Skinhead ","","Yes","2010"
"Volksfront","","Iowa","","Racist Skinhead ","","Yes","2010"
"Volksfront","","Nebraska","","Racist Skinhead ","","Yes","2010"
"Volksfront","","Maine","","Racist Skinhead ","","Yes","2010"
"Volksfront","","California","","Racist Skinhead ","","Yes","2010"
"Volksfront","","Pennsylvania","","Racist Skinhead ","","Yes","2010"
"Volksfront","","Tennessee","","Racist Skinhead ","","Yes","2010"
"Volksfront","Portland","Oregon","","Racist Skinhead ","","","2010"
"Voz de Aztlan","Whittier","California","","General Hate ","","","2010"
"Washington Summit Publishers","Augusta","Georgia","","White Nationalist ","","","2010"
"Watchmen Bible Study Group","Wappapello","Missouri","","Christian Identity ","","","2010"
"Weisman Publications","Burnsville","Minnesota","","Christian Identity ","","","2010"
"Westboro Baptist Church","Topeka","Kansas","Westboro Baptist Church","Anti-LGBTQ","","","2010"
"Western Hammerskins","San Diego","California","","Racist Skinhead ","","","2010"
"White Aryan Resistance","Warsaw","Indiana","","Neo-Nazi","","","2010"
"White Boy Society","","Illinois","","White Nationalist ","","Yes","2010"
"White Brothers of America","Canton","Illinois","","Neo-Nazi","","","2010"
"White Christian Soldiers","Lee's Summit","Missouri","","White Nationalist ","","","2010"
"White Ethnic Preservation Coalition","Green Bay","Wisconsin","","White Nationalist ","","","2010"
"White Knights of America","Whitney","Texas","","Neo-Nazi","","","2010"
"White Knights of America","Tonopah","Arizona","","Neo-Nazi","","","2010"
"White Power Skinheads","Shelby","Ohio","","Racist Skinhead ","","","2010"
"White Pride Home School Resource Center","Bergman","Arkansas","","General Hate ","","","2010"
"White Revolution","Loxahatchee","Florida","","Neo-Nazi","","","2010"
"White Revolution","Omaha","Nebraska","","Neo-Nazi","","","2010"
"White Revolution","Union Grove","Wisconsin","","Neo-Nazi","","","2010"
"White Revolution","Wilmington","North Carolina","","Neo-Nazi","","","2010"
"White Revolution","Woodstock","Georgia","","Neo-Nazi","","","2010"
"White Revolution","","California","","Neo-Nazi","","Yes","2010"
"White Revolution","Russellville","Arkansas","","Neo-Nazi","","","2010"
"Women for Aryan Unity","Brooklyn","New York","","Neo-Nazi","","","2010"
"WTM Enterprises","Roanoke","Indiana","","White Nationalist ","","","2010"
"Yahweh's Truth","Linwood","Michigan","","Christian Identity ","","","2010"
